{
  "hosting": {
    "public": "frontend/public",
    "predeploy": [
      "npm --prefix \"$RESOURCE_DIR\"/.. run test",
      "npm --prefix \"$RESOURCE_DIR\"/.. run build"
    ],
    "ignore": [
      "firebase.json",
      "**/.*",
      "**/node_modules/**"
    ],
    "rewrites": [
      {
        "source": "/smarthome",
        "function": "fulfillment"
      },
      {
        "source": "/smarthome/@(create|update|delete)",
        "function": "deviceManager"
      },
      {
        "source": "/@(fakeauth|login|faketoken)",
        "function": "authProvider"
      }      
    ]
  },
  "functions": {
    "predeploy": [
      "npm --prefix \"$RESOURCE_DIR\" run lint",
      "npm --prefix \"$RESOURCE_DIR\" run build"
    ],
    "source": "."
  }
}
