﻿[
  {
    "id": "1",
    "type": "action.devices.types.LIGHT",
    "traits": [
      "action.devices.traits.OnOff",
      "action.devices.traits.Brightness",
      "action.devices.traits.ColorSetting"
    ],
    "name": {
      "defaultNames": [
        "My Test Light1"
      ],
      "name": "Light 1",
      "nicknames": [
        "Patio Light"
      ]
    },
    "deviceInfo": {
      "manufacturer": "Siddhy Co",
      "model": "Siddhys RGB Bulb",
      "hwVersion": "1.0",
      "swVersion": "1.0.1"
    },
    "willReportState": true,
    "attributes": {
      "commandOnlyOnOff": false,
      "commandOnlyColorSetting": false,
      "commandOnlyBrightness": false,
      "colorModel": "rgb",
      "colorTemperatureRange": {
        "temperatureMinK": 2000,
        "temperatureMaxK": 6500
      }
    }
  },
  {
    "id": "2",
    "type": "action.devices.types.LIGHT",
    "traits": [
      "action.devices.traits.OnOff",
      "action.devices.traits.Brightness"
    ],
    "name": {
      "defaultNames": [
        "My Test Light2"
      ],
      "name": "Light 2",
      "nicknames": [
        "Corridor Light"
      ]
    },
    "deviceInfo": {
      "manufacturer": "Siddhy Co",
      "model": "Siddhys LED Bulb",
      "hwVersion": "2.0",
      "swVersion": "2.0.1"
    },
    "willReportState": true,
    "attributes": {
      "commandOnlyOnOff": false,
      "commandOnlyBrightness": false
    }
  },
  {
    "id": "3",
    "type": "action.devices.types.FAN",
    "traits": [
      "action.devices.traits.FanSpeed",
      "action.devices.traits.OnOff"
    ],
    "name": {
      "defaultNames": [
        "My Fan"
      ],
      "name": "Fan1",
      "nicknames": [
        "Ceiling Fan"
      ]
    },
    "deviceInfo": {
      "manufacturer": "Siddhy Co",
      "model": "Siddhys High Effeciency Fan",
      "hwVersion": "3.0",
      "swVersion": "4.0.1"
    },
    "willReportState": true,
    "attributes": {
      "commandOnlyOnOff": false,
      "commandOnlyFanSpeed": false,
      "availableFanSpeeds": {
        "speeds": [
          {"speed_name": "Low", "speed_values": [{"speed_synonym": ["low", "low speed", "slow"], "lang": "en"}]},
          {"speed_name": "Medium", "speed_values": [{"speed_synonym": ["medium", "medium speed", "med"], "lang": "en"}]}
        ],
        "ordered": true
      }
    }
  },
  {
    "id": "4",
    "type": "action.devices.types.THERMOSTAT",
    "traits": [
      "action.devices.traits.TemperatureSetting"
    ],
    "name": {
      "defaultNames": [
        "Temp Control"
      ],
      "name": "Temperature Controller ",
      "nicknames": [
        "Thermal Controller"
      ]
    },
    "deviceInfo": {
      "manufacturer": "Siddhy Co",
      "model": "Siddhys Thermostat",
      "hwVersion": "4.0",
      "swVersion": "5.0.1"
    },
    "willReportState": true,
    "attributes": {
      "availableThermostatModes": "off,on,heat,cool,heatcool",
      "queryOnlyTemperatureSetting": false,
      "thermostatTemperatureUnit": "C",
      "commandOnlyTemperatureSetting": false
    }
  },
  {
    "id": "5",
    "type": "action.devices.types.THERMOSTAT",
    "traits": [
      "action.devices.traits.TemperatureSetting"
    ],
    "name": {
      "defaultNames": [
        "Temp Sensor"
      ],
      "name": "Room Temperature Sensor",
      "nicknames": [
        "Ambient Temperature Sensor"
      ]
    },
    "deviceInfo": {
      "manufacturer": "Siddhy Co",
      "model": "Siddhys Temperature Sensor",
      "hwVersion": "5.0",
      "swVersion": "6.0.1"
    },
    "willReportState": true,
    "attributes": {
      "queryOnlyTemperatureSetting": true,
      "thermostatTemperatureUnit": "C"
    }
  },
  {
    "id": "6",
    "type": "action.devices.types.SWITCH",
    "traits": [
      "action.devices.traits.OnOff"
    ],
    "name": {
      "defaultNames": [
        "Plug Socket"
      ],
      "name": "Smart Switch",
      "nicknames": [
        "New Switch"
      ]
    },
    "deviceInfo": {
      "manufacturer": "Siddhy Co",
      "model": "Siddhys On/Off Switch",
      "hwVersion": "6.0",
      "swVersion": "7.0.1"
    },
    "willReportState": true,
    "attributes": {
      "commandOnlyOnOff": false
    }
  },
  {
    "id": "7",
    "type": "action.devices.types.LIGHT",
    "traits": [
      "action.devices.traits.OnOff",
      "action.devices.traits.Brightness",
      "action.devices.traits.ColorSetting",
      "action.devices.traits.Modes"
    ],
    "name": {
      "defaultNames": [
        "My Test Light3"
      ],
      "name": "Light 3",
      "nicknames": [
        "Mood light"
      ]
    },
    "deviceInfo": {
      "manufacturer": "Siddhy Co",
      "model": "Siddhys RGB Bulb Mode",
      "hwVersion": "2.0",
      "swVersion": "2.0.0"
    },
    "willReportState": true,
    "attributes": {
      "availableModes": [{
        "name": "Mood",
        "name_values": [{"name_synonym": ["mood", "feeling"], "lang": "en" }],
        "settings": [
          {"setting_name": "Blank", "setting_values": [{"setting_synonym": ["null", "nothing"], "lang": "en"}]
          },
          {"setting_name": "Happy", "setting_values": [{"setting_synonym": ["happy", "cheerful"], "lang": "en"}]
          },
          {"setting_name": "Sad", "setting_values": [{"setting_synonym": ["sad", "unhappy"], "lang": "en"}]
          },
          {"setting_name": "Angry", "setting_values": [{"setting_synonym": ["angry", "annoyed"], "lang": "en"}]
          },
          {"setting_name": "Party", "setting_values": [{"setting_synonym": ["party", "dance"], "lang": "en"}]
          },
          {"setting_name": "Anxious", "setting_values": [{"setting_synonym": ["anxious mood", "anxiety"], "lang": "en"}]
          },
          {"setting_name": "Busy", "setting_values": [{"setting_synonym": ["busy mood", "busy", "at work"], "lang": "en"}]
          }
        ],
        "ordered": true
        }],
      "commandOnlyOnOff": false,
      "commandOnlyBrightness": false,
      "commandOnlyModes": false,
      "colorModel": "rgb",
      "colorTemperatureRange": {
        "temperatureMinK": 2000,
        "temperatureMaxK": 6500
      }
    }
  }
]
